{
    "loss": 0.2918170988559723,
    "accuracy": 0.8879310488700867
}